Spell	Cleric	Underwater Cleric (Triton)	Dervish	Druid	Underwater Druid (Nixie)	Elf	Fairy (Leprechaun, Sprite, Sidhe)	Immortal	Magic-User	Underwater Mage (Aquatic Elf, Triton)	Master	Merchant	Merchant-Prince	Radiant	Shadow Elf	Shadow Elf Shaman	Shaman	Humanoid Shaman	Shamani	Wise Woman	Wokani	Source	Pg. #	OGL Source/Legal Status
Accounting	-	-	-	-	-	-	-	-	-	-	-	4	-	-	-	-	-	-	-	-	-	GAZ11 The Republic of Darokin - Players' Guide	20	
Aerial Servant	6	-	-	-	-	-	-	1	-	-	-	-	-	-	-	-	-	-	-	-	-	Rules Cyclopedia	38	Dark Dungeons Deluxe
Air Breathing	4	4	-	3	3	-	3	1	3	3	4	-	3	-	3	-	-	-	-	-	-	PC3 The Sea People: The Sea Peoples Book	62	Dark Dungeons Deluxe
Analyze	-	-	-	-	-	1	-	1	1	1	-	-	-	-	1*	-	-	-	-	-	-	Rules Cyclopedia, *GAZ13 The Shadow Elves - Player's Guide	44, *22	Dark Dungeons Deluxe
Animal Charm	-	-	-	-	-	-	-	-	-	-	-	-	-	-	-	-	-	-	2	-	-	GAZ14 The Atruaghin Clans - Player's Guide	20	
Animate Dead	4	4	-	-	-	-	-	1	5	5	-	-	-	-	-	-	-	-	-	-	5	Rules Cyclopedia	51	Dark Dungeons Deluxe
Animate Objects	6	6	-	-	-	-	5	1	-	-	6	-	-	-	-	-	6	-	-	-	-	Rules Cyclopedia	38	Dark Dungeons Deluxe
Anti-Animal Shell	-	-	6	6	6	6	4	1	-	-	6	-	-	-	6*	-	-	-	-	-	-	Rules Cyclopedia, GAZ13 The Shadow Elves: Player's Guide*	43, 24	Dark Dungeons Deluxe
Anti-Magic Shell	-	-	-	-	-	6	5	1	6	6	-	-	-	-	6	-	-	-	-	6	-	Rules Cyclopedia	53	Dark Dungeons Deluxe
Anti-Plant Shell	-	-	-	5	5	-	3	1	-	-	-	-	-	-	-	-	-	-	-	-	-	Rules Cyclopedia	42	Dark Dungeons Deluxe
Anti-Underground Animal Shell	-	-	-	-	-	-	-	-	-	-	-	-	-	-	6	-	-	-	-	-	-	GAZ13 The Shadow Elves - Player's Guide	24	
Ascent	-	-	-	-	-	-	2	1	2	2	-	-	-	-	2	-	-	-	-	-	-	PC3 The Sea People: The Sea Peoples Book	62	Dark Dungeons Deluxe
Assume Animal Shape	-	-	-	-	-	-	-	-	-	-	7	-	-	-	-	-	-	-	-	-	-	GAZ8 The Five Shires - Player's Booklet	24	
Assume Gaseous Form	-	-	-	-	-	-	3	-	-	-	-	-	-	-	-	-	-	-	-	-	-	PC1 Tall Tales of the Wee Folk - DM's Booklet	44	
Atzanteotl's Hand	4	4	-	-	-	-	-	1	-	-	-	-	-	-	-	-	-	-	-	-	-	HWR1 Sons of Azca: Guide to the Azcan Empire	35	
Automatic Pilot	-	-	-	-	-	-	-	1	5	5	-	-	-	-	-	-	-	-	-	-	-	Champions of Mystara: Designer's Manual	52	
Ball Lightning	-	-	-	-	-	-	-	1	3	3	-	-	3	-	-	3	-	-	-	-	-	PC3 The Sea People: The Sea Peoples Book	62	Dark Dungeons Deluxe
Ball Lightning	-	-	-	-	-	-	-	-	-	-	4	-	-	-	-	-	-	-	-	-	-	GAZ9 The Minrothad Guilds - Dungeon Master's Booklet	21	
Barrier	6	6	-	-	-	-	-	1	-	-	6	-	-	-	-	-	6	-	-	-	-	Rules Cyclopedia	38	Dark Dungeons Deluxe
Berserk	2																					GAZ7 The Northern Reaches - Players Book	25	
Bestow	I	I	I	I	I	-	I	I	I	I	I	I	I	-	I	I	-	-	I	I	-	Wrath of the Immortals: Book #1: Codex of the Immortals	62	Dark Dungeons Deluxe
Bestow Invisibility	-	-	-	-	-	-	3	-	-	-	-	-	-	-	-	-	-	-	-	-	-	PC1 Tall Tales of the Wee Folk - DM's Booklet	44	Dark Dungeons Deluxe (Invisibility)
Bestow Second Sight	-	-	-	-	-	-	4	-	-	-	-	-	-	-	-	-	-	-	-	-	-	PC1 Tall Tales of the Wee Folk - DM's Booklet	44	Dark Dungeons Deluxe (Second Sight)
Bind Totem	-	-	-	-	-	-	-	-	-	-	-	-	-	-	-	-	-	-	4	-	-	GAZ14 The Atruaghin Clans - Player's Guide	22	
Bleach	-	-	-	-	-	-	-	-	1	-	-	-	-	-	-	-	-	-	-	-	-	GAZ15 Dawn of the Emperors - Thyatis and Alphatia - Book #3 - Player's Guide to Alphatia	21	
Bless	2	2	-	-	-	-	-	1	-	-	-	-	-	-	-	-	2	2	2	-	-	Rules Cyclopedia	35	Dark Dungeons Deluxe
Bless Rune	2	-	-	-	-	-	-	-	-	-	-	-	-	-	-	-	-	-	-	-	-	GAZ7 The Northern Reaches: Players Book	27	
Cadaverous Pall	-	-	-	-	-	-	-	-	1	-	-	-	-	-	-	-	-	-	-	-	-	CAL2a Conversion Guide to Caldwen for Vintage Roleplaying	16	
Call Lightning	-	-	3	3	-	3	4	1	-	-	4	-	3	-	-	-	-	-	3	-	-	Rules Cyclopedia	41	Dark Dungeons Deluxe
Call Totem	-	-	-	-	-	-	-	-	-	-	-	-	-	-	-	-	-	-	3	-	-	GAZ14 The Atruaghin Clans - Player's Guide	21	
Call Upon Radiance	-	-	-	-	-	-	-	1	-	-	-	-	-	5	-	-	-	-	-	-	-	GAZ3 The Principalities of Glantri	77	
Call Upon Souls	-	-	-	-	-	-	-	-	-	-	-	-	-	-	-	5	-	-	-	-	-	GAZ13 The Shadow Elves - Player's Guide	30	
Calm Animal	-	-	-	-	-	-	-	-	-	-	-	1	-	-	-	-	-	-	-	-	-	GAZ11 The Republic of Darokin - Players' Guide	15	
Calm Water	-	-	-	-	-	-	-	-	-	-	5	-	-	-	-	-	-	-	-	-	-	GAZ9 The Minrothad Guilds - Dungeon Master's Booklet	21	
Calm Wind	-	-	-	-	-	-	-	1	6	6	5*	-	-	-	-	-	-	-	-	-	-	Champions of Mystara: Designer's Manual, *GAZ9 The Minrothad Guilds - Dungeon Master's Booklet	53, *22	
Careen	-	-	-	-	-	-	-	-	-	-	2	-	-	-	-	-	-	-	-	-	-	GAZ9 The Minrothad Guilds - Dungeon Master's Booklet	19	
Ceremony	-	-	-	-	-	1	-	-	-	-	-	-	-	-	-	1*	-	-	-	-	-	GAZ5 The Elves of Alfheim, *GAZ13 The Shadow Elves - Player's Guide	65, *27	
Charm Animal	-	-	4	-	-	-	-	-	-	-	-	3	-	-	-	-	-	-	-	-	-	GAZ11 The Republic of Darokin - Players' Guide	19	
Charm Monster	-	-	-	-	-	4	3	1	4	4	5	-	-	-	4	-	-	-	-	4	4	Rules Cyclopedia	49	Dark Dungeons Deluxe
Charm Person	-	-	-	-	-	1	1	1	1	1	-	4*	-	-	1	-	-	-	-	3	-	Rules Cyclopedia, *GAZ11 The Republic of Darokin: Player's Guide	44, *20	Dark Dungeons Deluxe
Charm Plant	-	-	-	-	-	7	4	1	7	7	6	-	-	-	-	-	-	-	-	-	-	Rules Cyclopedia	54	Dark Dungeons Deluxe
Charm, Mass	-	-	-	-	-	8	5	1	8	8	-	-	-	-	8	-	-	-	-	-	-	Rules Cyclopedia	57	Dark Dungeons Deluxe
Check Caravan	-	-	-	-	-	-	-	-	-	-	-	4	-	-	-	-	-	-	-	-	-	GAZ11 The Republic of Darokin - Players' Guide	20	
Check Load	-	-	-	-	-	-	-	-	-	-	-	2	-	-	-	-	-	-	-	-	-	GAZ11 The Republic of Darokin - Players' Guide	16	
Chill	-	-	-	-	-	-	1	-	-	-	-	-	-	-	-	-	-	-	-	-	-	PC1 Tall Tales of the Wee Folk - DM's Booklet	42	
Clairvoyance	-	-	-	-	-	3	3	1	3	3	-	-	-	-	3	-	-	-	-	3	3	Rules Cyclopedia	48	Dark Dungeons Deluxe
Cleanse	-	-	-	-	-	-	-	1	1	1	-	-	-	-	-	-	-	-	-	-	-	HWR3 The Milenian Empire: Campaign Book	30	
Clear Sight	-	-	-	-	-	-	-	1	1	1	-	1*	-	-	-	-	-	-	-	-	-	Champions of Mystara: Designer's Manual, *GAZ11 The Republic of Darokin - Players' Guide	51, *15	
Clear Sight	-	-	-	-	-	-	-	-	-	-	1	-	-	-	-	-	-	-	-	-	-	GAZ9 The Minrothad Guilds - Dungeon Master's Booklet	18	
Climate	-	-	-	-	-	-	-	1	3	3	-	-	-	-	-	-	-	-	-	-	-	Champions of Mystara: Designer's Manual	52	
Climate	-	-	-	-	-	-	-	-	3	-	-	-	-	-	-	-	-	-	-	-	-	GAZ15 Dawn of the Emperors - Thyatis and Alphatia - Book #3 - Player's Guide to Alphatia	22	
Clone	-	-	-	-	-	-	-	1	8	8	-	-	-	-	-	-	-	-	-	-	-	Rules Cyclopedia	56	Dark Dungeons Deluxe
Clothform	-	-	-	-	-	-	-	1	4	4	-	-	-	-	-	-	-	-	-	-	-	Rules Cyclopedia	49	Dark Dungeons Deluxe
Clothwall	-	-	-	-	-	-	-	-	4	-	-	-	-	-	-	-	-	-	-	-	-	GAZ15 Dawn of the Emperors - Thyatis and Alphatia - Book #3 - Player's Guide to Alphatia	22	
Cloudkill	-	-	-	-	-	-	-	1	5	5	-	-	-	-	-	-	-	-	-	-	5	Rules Cyclopedia	51	Dark Dungeons Deluxe
Color	-	-	-	-	-	-	-	-	2	-	-	-	-	-	-	-	-	-	-	-	-	GAZ15 Dawn of the Emperors - Thyatis and Alphatia - Book #3 - Player's Guide to Alphatia	22	
Command Word	-	-	-	-	-	1	-	-	-	-	-	-	-	-	-	-	1*	-	-	-	-	GAZ5 The Elves of Alfheim, *GAZ12 The Golden Khan of Ethengar - Players' Guide, **GAZ13 The Shadow Elves - Player's Guide	65, *17, **28	
Commune	5	5	5	-	-	-	-	1	-	-	-	-	-	-	-	-	-	-	5	-	-	Rules Cyclopedia	37	Dark Dungeons Deluxe
Commune With Spirit Lord	-	-	-	-	-	-	-	-	-	-	-	-	-	-	-	-	5	-	-	-	-	GAZ12 The Golden Khan of Ethengar - Players' Guide	18	
Conceal Magical Nature	I	I	I	I	I	-	I	I	I	I	I	I	I	-	I	I	-	-	I	I	-	Wrath of the Immortals: Book #1: Codex of the Immortals	63	Dark Dungeons Deluxe
Confound	-	-	-	-	-	-	-	-	-	-	-	-	-	-	-	-	5	-	-	-	-	GAZ12 The Golden Khan of Ethengar - Players' Guide	18	
Confusion	-	-	-	-	-	4	4	1	4	4	-	-	-	-	4	-	-	-	-	-	-	Rules Cyclopedia	49	Dark Dungeons Deluxe
Conjure Elemental	-	-	5	-	-	5	6	1	5	5	-	-	-	-	5	-	-	-	-	6	-	Rules Cyclopedia	51	Dark Dungeons Deluxe
Contact Outer Plane	-	-	-	-	-	5	-	1	5	5	-	-	-	-	5	-	-	-	-	-	-	Rules Cyclopedia	51	Dark Dungeons Deluxe
Contingency	-	-	-	-	-	9	7	1	9	9	-	-	-	-	9	-	-	-	-	-	-	Rules Cyclopedia	59	Dark Dungeons Deluxe
Continual Light	3	3	-	-	-	-	2	1	2	2	-	-	-	-	-	-	3	3	-	-	2	Rules Cyclopedia	46	Dark Dungeons Deluxe
Control Bats	-	-	-	-	-	-	-	1	4	4	-	-	-	-	-	-	-	-	-	-	-	CM8 The Endless Stair	26	
Control Currents	-	-	-	5	5	-	-	-	-	-	-	-	-	-	-	-	-	-	-	-	-	PC3 The Sea People: The Sea Peoples Book	62	Dark Dungeons Deluxe
Control Destiny	-	-	-	-	-	-	-	1	-	-	-	-	-	7	-	6*	-	-	-	-	-	GAZ3 The Principalities of Glantri, *GAZ13 The Shadow Elves - Player's Guide	77, *31	
Control Gargoyle	-	-	-	-	-	-	-	1	5	5	-	-	-	-	-	-	-	-	-	-	-	CM8 The Endless Stair	26	
Control Temperature 10' radius	-	-	-	4	4	5	5	1	-	-	-	-	-	-	-	4*	4	-	-	-	-	Rules Cyclopedia, *GAZ13 The Shadow Elves - Player's Guide	42, *30	Dark Dungeons Deluxe
Control Winds	-	-	5	5	-	5	5	1	-	-	4	-	5	-	-	-	5	-	-	-	-	Rules Cyclopedia	42	Dark Dungeons Deluxe
Corrosive Cloud	-	-	-	-	-	-	-	1	8	8	-	-	-	-	-	-	-	-	-	-	-	PC3 The Sea People: The Sea Peoples Book	63	Dark Dungeons Deluxe
Count Coins	-	-	-	-	-	-	-	-	-	-	-	1	-	-	-	-	-	-	-	-	-	GAZ11 The Republic of Darokin - Players' Guide	15	
Courier	-	-	-	-	-	-	1	-	-	-	-	-	-	-	-	-	-	-	-	-	-	PC1 Tall Tales of the Wee Folk - DM's Booklet	42	
Create Air	-	-	-	-	-	-	-	1	3	3	-	-	-	-	-	-	-	-	-	-	-	Rules Cyclopedia	48	Dark Dungeons Deluxe
Create Air	-	-	-	-	-	-	-	-	3	-	-	-	-	-	-	-	-	-	-	-	-	GAZ15 Dawn of the Emperors - Thyatis and Alphatia - Book #3 - Player's Guide to Alphatia	22	
Create Any Monster	-	-	-	-	-	-	-	1	9	9	-	-	-	-	-	-	-	-	-	-	-	Rules Cyclopedia	59	Dark Dungeons Deluxe
Create Atmosphere	-	-	-	-	-	-	-	1	4	4	-	-	-	-	-	-	-	-	-	-	-	Champions of Mystara: Designer's Manual	52	
Create Food	5	5	-	-	-	-	4	1	-	-	-	-	-	-	-	-	-	5	-	-	-	Rules Cyclopedia, *Dragon #187	37, *41	Dark Dungeons Deluxe
Create Magical Monsters	-	-	-	-	-	-	7	1	8	8	-	-	-	-	-	-	-	-	-	-	-	Rules Cyclopedia	57	Dark Dungeons Deluxe
Create Normal Animals	6	6	-	-	-	-	5*	1	-	-	-	-	-	-	-	-	-	-	-	-	-	Rules Cyclopedia, *PC1 Tall Tales of the Wee Folk: DM's Booklet*	38, *45	Dark Dungeons Deluxe
Create Normal Monsters	-	-	-	-	-	7	6	1	7	7	-	-	-	-	7	-	-	-	-	-	-	Rules Cyclopedia	54	Dark Dungeons Deluxe
Create Species	I	I	I	I	I	-	I	I	I	I	I	I	I	-	I	I	-	-	I	I	-	Wrath of the Immortals: Book #1: Codex of the Immortals	63	Dark Dungeons Deluxe
Create Water	4	-	4	-	-	-	3	1	-	-	-	-	-	-	-	7	-	-	-	-	-	Rules Cyclopedia	36	Dark Dungeons Deluxe
Creeping Doom	-	-	7	7	-	8	7	1	-	-	-	-	-	-	-	-	7*	-	6	-	-	Rules Cyclopedia, *GAZ13 The Shadow Elves - Player's Guide	43, *31	Dark Dungeons Deluxe
Crowd Summoning	-	-	-	-	-	-	-	-	-	-	-	2	-	-	-	-	-	-	-	-	-	GAZ11 The Republic of Darokin - Players' Guide	16	
Crypt Thing	-	-	-	-	-	-	-	-	1	-	-	-	-	-	-	-	-	-	-	-	-	CAL2a Conversion Guide to Caldwen for Vintage Roleplaying	16	
Cure Blindness	3	3	-	-	-	-	-	1	-	-	3	-	-	-	-	-	3	3	-	-	-	Rules Cyclopedia	36	Dark Dungeons Deluxe
Cure Critical Wounds	5	5	-	-	-	-	-	1	-	-	-	-	-	-	-	6*	5	5	5	-	-	Rules Cyclopedia, *GAZ13 The Shadow Elves - Player's Guide	37, *31	Dark Dungeons Deluxe
Cure Disease	3	3	-	-	-	3*	-	1	-	-	3	-	-	-	-	4**	3	3	3	-	-	Rules Cyclopedia, *GAZ5 The Elves of Alfheim, **GAZ13 The Shadow Elves - Player's Guide	36, *67, **30	Dark Dungeons Deluxe
Cure Disease or Blindness	-	-	-	-	-	-	4	-	-	-	-	-	-	-	-	-	-	-	-	-	-	PC1 Tall Tales of the Wee Folk - DM's Booklet	44	
Cure Light Wounds	1	1	-	-	-	3*	-	1	-	-	2	-	-	-	-	2**	2	1	1	-	-	Rules Cyclopedia, *GAZ5 The Elves of Alfheim, **GAZ13 The Shadow Elves - Player's Guide	34, *67, *28	Dark Dungeons Deluxe
Cure Serious Wounds	4	4	-	-	-	6	-	1	-	-	5	-	-	-	-	5*	4	4	4	-	-	Rules Cyclopedia, *GAZ13 The Shadow Elves - Player's Guide	37, *31	Dark Dungeons Deluxe
Cureall/Heal	6	6	-	-	-	9	-	1	-	9	-	-	-	-	-	-	6	6	6	-	-	Rules Cyclopedia	38	Dark Dungeons Deluxe
Dance	-	-	-	-	-	8	6	1	8	8	-	-	-	-	8	-	-	-	-	-	-	Rules Cyclopedia	57	Dark Dungeons Deluxe
Darkning Bolt	-	-	-	-	-	-	-	1	3	3	-	-	-	-	-	-	-	-	-	-	-	Dungeon #24	14	
Death Spell	-	-	-	-	-	-	-	1	6	6	-	-	-	-	-	-	-	-	-	6	6	Rules Cyclopedia	53	Dark Dungeons Deluxe
Delayed Blast Fireball	-	-	-	-	-	-	-	1	7	7	-	-	-	-	-	7*	-	-	-	-	-	Rules Cyclopedia, *GAZ13 The Shadow Elves - Player's Guide	55, *32	Dark Dungeons Deluxe
Detect Ambush	-	-	-	-	-	-	-	-	-	-	-	2	-	-	-	-	-	-	-	-	-	GAZ11 The Republic of Darokin - Players' Guide	16	
Detect Curse	-	-	-	-	-	-	-	-	-	-	-	-	-	-	-	-	3	-	-	-	-	GAZ12 The Golden Khan of Ethengar - Players' Guide	17	
Detect Danger	-	-	-	1	1	2	2	1	-	-	-	-	-	-	-	2**	-	-	-	-	-	Rules Cyclopedia, *GAZ13 The Shadow Elves - Player's Guide	41, *28	Dark Dungeons Deluxe
Detect Evil	1	1	-	-	-	2	1	1	2	2	1	1*	-	-	-	-	-	-	1	1	2	Rules Cyclopedia, *GAZ11 The Republic of Darokin: Player's Guide	46, *18	Dark Dungeons Deluxe
Detect Immortal Magic	I	I	I	I	I	-	I	I	I	I	I	I	I	-	I	I	-	-	I	I	-	Wrath of the Immortals: Book #1: Codex of the Immortals	63	Dark Dungeons Deluxe
Detect Invisible	-	-	-	-	-	2	1	1	2	2	4	-	-	-	2	-	-	-	-	2	2	Rules Cyclopedia	46	Dark Dungeons Deluxe
Detect Lie	1*	-	-	-	-	-	-	-	-	-	-	3	-	-	-	-	-	-	-	-	-	GAZ11 The Republic of Darokin - Players' Guide, *GAZ12 The Golden Khan of Ethengar - Players' Guide	19, *13	
Detect Magic	1	1	1	-	-	1	1	1	1	1	1	2*	-	-	1	-	-	1	1	1	1	Rules Cyclopedia, *GAZ11 The Republic of Darokin: Player's Guide	45, *19	Dark Dungeons Deluxe
Detect Poison	-	-	-	-	-	-	-	-	-	-	-	-	-	-	-	-	1	-	-	-	-	GAZ12 The Golden Khan of Ethengar - Players' Guide	17	
Detect Totem	-	-	-	-	-	-	-	-	-	-	-	-	-	-	-	-	-	-	1	-	-	GAZ14 The Atruaghin Clans - Player's Guide	19	
Detect Water	-	1	1	-	-	-	-	-	-	-	-	-	-	-	-	-	-	-	-	-	-	Mystara: GAZ2 The Emirates of Ylaruam	18	Dark Dungeons Deluxe
Dimension Door	-	-	-	-	-	4	4	1	4	4	-	-	-	-	4	-	-	-	-	-	-	Rules Cyclopedia	49	Dark Dungeons Deluxe
Discharge	-	-	-	-	-	-	-	1	-	-	-	-	-	8	-	-	-	-	-	-	-	GAZ3 The Principalities of Glantri	78	
Discharge Soul Power	-	-	-	-	-	-	-	-	-	-	-	-	-	-	-	7	-	-	-	-	-	GAZ13 The Shadow Elves - Player's Guide	32	
Disguise	-	-	-	-	-	-	-	-	6	-	-	-	-	-	-	-	-	-	-	-	-	GAZ15 Dawn of the Emperors - Thyatis and Alphatia - Book #3 - Player's Guide to Alphatia	23	
Disintegrate	-	-	-	-	-	-	7	1	6	6	-	-	-	-	-	-	-	-	-	-	-	Rules Cyclopedia	53	Dark Dungeons Deluxe
Dispel Evil	5	5	-	-	-	7*	7	1	-	-	-	-	-	-	-	6**	-	5	5	-	-	Rules Cyclopedia, *GAZ5 The Elves of Alfheim, **GAZ13 The Shadow Elves - Player's Guide	37, *68, **31	Dark Dungeons Deluxe
Dispel Fog	-	-	-	-	-	-	-	1	3	3	-	-	-	-	-	-	-	-	-	-	-	Champions of Mystara: Designer's Manual	52	
Dispel Fog	-	-	-	-	-	-	-	-	-	-	3	-	-	-	-	-	-	-	-	-	-	GAZ9 The Minrothad Guilds - Dungeon Master's Booklet	20	
Dispel Magic	4	4	-	-	-	3	3	1	3	3	5	-	-	-	3	-	4	4	3	4	3	Rules Cyclopedia	48	Dark Dungeons Deluxe
Displacer Field	-	-	-	-	-	-	-	1	2	2	-	-	-	-	-	-	-	-	-	-	-	Champions of Mystara: Designer's Manual	52	
Dissolve	-	-	-	5	5	5	5	1	5	5	5	-	-	-	5	-	5	-	-	-	5	Rules Cyclopedia	51	Dark Dungeons Deluxe
Distance Distortion	5	5	-	-	-	-	-	1	5	5	-	-	-	-	-	-	-	-	-	-	-	HWA1 Nightwail	64	
Douse Flame	-	-	-	-	-	-	-	-	-	-	1	-	-	-	-	-	-	-	-	-	-	GAZ9 The Minrothad Guilds - Dungeon Master's Booklet	18	
Doze	-	-	-	-	-	-	-	1	?	?	-	-	-	-	-	-	-	-	-	-	-	GAZ4 The Kingdom of Ierendi	53	
Duel-Shield	-	-	-	-	-	-	-	-	8	-	-	-	-	-	-	-	-	-	-	-	-	GAZ15 Dawn of the Emperors - Thyatis and Alphatia - Book #3 - Player's Guide to Alphatia	24	
Dying Grasp	-	-	-	-	-	-	-	1	1	1	-	-	-	-	-	-	-	-	-	-	-	HWR3 The Milenian Empire: Campaign Book	30	
ESP	-	-	-	-	-	2	2	1	2	2	-	-	-	-	2	-	-	-	-	2	-	Rules Cyclopedia	46	Dark Dungeons Deluxe
Earthgrip	-	-	-	-	-	-	-	-	-	-	7	-	-	-	-	-	-	-	-	-	-	GAZ8 The Five Shires - Player's Booklet	24	
Earthquake	7	-	7	-	-	-	-	1	-	-	7	-	-	-	-	7*	7	-	-	-	-	Rules Cyclopedia, *GAZ13 The Shadow Elves - Player's Guide	39, *32	Dark Dungeons Deluxe
Elemental Protection	-	-	-	-	-	-	-	1	5	5	-	-	-	-	5	-	-	-	-	-	-	PC3 The Sea People: The Sea Peoples Book	52	Dark Dungeons Deluxe
Elemental Protection 10' Radius	-	-	-	-	-	-	-	1	6	6	-	-	-	-	-	-	-	-	-	-	-	PC3 The Sea People: The Sea Peoples Book	63	Dark Dungeons Deluxe
Embezzle	-	-	-	-	-	-	-	-	-	-	-	4	-	-	-	-	-	-	-	-	-	GAZ11 The Republic of Darokin - Players' Guide	20	
Enchant Weapon	-	-	-	2	2	-	-	-	-	-	-	-	-	-	-	-	-	-	-	-	-	PC3 The Sea People: The Sea Peoples Book	61	Dark Dungeons Deluxe
Enchanted Weapon	-	-	-	-	-	4	4**	-	-	-	-	-	-	-	4*	-	-	-	-	-	-	GAZ5 The Elves of Alfheim, *GAZ13 The Shadow Elves - Player's Guide, **PC1 Tall Tales of the Wee Folk - DM's Booklet	67, *23, **44	
Entangle	-	-	-	-	-	2	2***	1	2	2	-	-	2*	-	2**	-	-	-	-	-	-	Rules Cyclopedia, *GAZ9 The Minrothad Guilds: Dungeon Master's Booklet, **GAZ13 The Shadow Elves - Player's Guide, ***PC1 Tall Tales of the Wee Folk - DM's Booklet	46, *19, **23, ***43	Dark Dungeons Deluxe
Evaluate	-	-	-	-	-	-	-	-	-	-	-	1	-	-	-	-	-	-	-	-	-	GAZ11 The Republic of Darokin - Players' Guide	16	
Explosive Cloud	-	-	-	-	-	-	-	1	8	-	-	-	-	-	-	-	-	-	-	-	-	Rules Cyclopedia	57	Dark Dungeons Deluxe
Eye of the Eagle	-	-	-	-	-	-	-	-	-	-	-	-	-	-	-	-	-	-	5	-	-	GAZ14 The Atruaghin Clans - Player's Guide	24	
Fabricate	-	-	-	-	-	-	-	-	5	-	-	-	-	-	-	-	-	-	-	-	-	GAZ15 Dawn of the Emperors - Thyatis and Alphatia - Book #3 - Player's Guide to Alphatia	23	
Faerie Fire	-	-	1	1	1	1	1	1	-	-	-	-	1	-	1*	-	-	-	-	-	-	Rules Cyclopedia, *GAZ13 The Shadow Elves - Player's Guide	41, *22	Dark Dungeons Deluxe
Faerie Lights	-	-	-	-	-	1	-	-	-	-	-	-	-	-	1*	-	-	-	-	-	-	GAZ5 The Elves of Alfheim, *GAZ13 The Shadow Elves - Player's Guide	65, *22	
Fairy Slumber	-	-	-	-	-	-	2	-	-	-	-	-	-	-	-	-	-	-	-	-	-	PC1 Tall Tales of the Wee Folk - DM's Booklet	43	
Fate	-	-	-	-	-	-	-	-	-	-	-	-	-	-	-	-	4	-	-	-	-	GAZ12 The Golden Khan of Ethengar - Players' Guide	18	
Fear	-	-	-	-	-	4	4**	-	-	-	-	-	-	-	4*	-	-	-	-	-	-	GAZ5 The Elves of Alfheim, *GAZ13 The Shadow Elves - Player's Guide, **PC1 Tall Tales of the Wee Folk - DM's Booklet	67, *24, **44	
Feast	6	-	-	-	-	-	-	-	-	-	-	-	-	-	-	-	-	-	-	-	-	GAZ12 The Golden Khan of Ethengar - Players' Guide	13	
Feeblemind	-	-	-	-	-	5	5	1	5	5	7*	-	-	-	5	-	-	-	-	-	-	Rules Cyclopedia, *GAZ8 The Five Shires: Player's Booklet	51, *24	Dark Dungeons Deluxe
Fellowship	-	-	-	-	-	1	-	-	-	-	-	-	-	-	1**	-	1*	-	-	-	-	GAZ5 The Elves of Alfheim, *GAZ12 The Golden Khan of Ethengar - Players' Guide, **GAZ13 The Shadow Elves - Player's Guide	65, *17, **22	
Fertilize	-	-	-	-	-	-	-	1	3	3	-	-	-	-	-	-	-	-	-	-	-	HWR3 The Milenian Empire: Campaign Book	31	
Find Traps	2	2	-	-	-	-	-	1	-	-	3	3	-	-	-	-	2	-	-	-	-	Rules Cyclopedia	35	Dark Dungeons Deluxe
Find the Path	6	6	6	-	-	-	4	1	-	-	-	-	-	-	-	-	6	66	-	-	-	Rules Cyclopedia	39	Dark Dungeons Deluxe
Fire Gate	-	-	-	-	-	-	-	-	-	-	-	-	-	-	-	-	-	-	4	-	-	GAZ14 The Atruaghin Clans - Player's Guide	22	
Fireball	-	-	-	-	-	-	-	1	3	-	-	-	3	-	-	3*	-	-	-	-	3	Rules Cyclopedia, *GAZ13 The Shadow Elves - Player's Guide	48, *29	Dark Dungeons Deluxe
Firebow	-	-	-	-	-	-	-	-	-	-	-	-	-	-	-	-	-	-	3	-	-	GAZ14 The Atruaghin Clans - Player's Guide	22	
Fist of Thor	2																					GAZ7 The Northern Reaches - Players Book	25	
Float in Air	-	-	-	-	-	-	-	1	1	1	-	-	-	-	-	-	-	-	-	-	-	Champions of Mystara: Designer's Manual	51	
Floating Disc	-	-	-	-	-	-	-	1	1	1	-	-	-	-	-	-	-	-	-	-	-	Rules Cyclopedia	45	Dark Dungeons Deluxe
Fly	-	-	-	-	-	3	3	1	3	-	5	-	-	-	3	-	-	-	-	3	3	Rules Cyclopedia	48	Dark Dungeons Deluxe
Force Field	-	-	-	-	-	8	-	1	8	8	-	-	-	-	8	-	-	-	-	-	-	Rules Cyclopedia	57	Dark Dungeons Deluxe
Gate	-	-	-	-	-	9	-	1	9	9	-	-	-	-	9	-	-	-	-	-	-	Rules Cyclopedia	59	Dark Dungeons Deluxe
Geas/Quest	5	5	5	-	-	6	6	1	-	-	-	-	-	-	6	-	5	-	6	-	-	Rules Cyclopedia	38	Dark Dungeons Deluxe
Growth of Animals	3	3	3	-	-	4	4	1	-	-	3	-	-	-	-	-	-	-	-	-	-	Rules Cyclopedia	36	Dark Dungeons Deluxe
Growth of Plants	-	-	-	-	-	4	3	1	4	4	-	-	-	-	-	-	-	-	4	-	4	Rules Cyclopedia	49	Dark Dungeons Deluxe
Growth of Underground Animal	-	-	-	-	-	-	-	-	-	-	-	-	-	-	4	-	-	-	-	-	-	GAZ13 The Shadow Elves - Player's Guide	24	
Hallucinatory Terrain	-	-	-	-	-	4	3	1	4	4	-	-	-	-	4	-	-	-	-	-	-	Rules Cyclopedia	50	Dark Dungeons Deluxe
Haste	-	-	-	-	-	3	3	1	3	3	-	-	-	-	3	-	-	-	-	-	-	Rules Cyclopedia	48	Dark Dungeons Deluxe
Hear Supplicants	I	I	I	I	I	-	I	I	I	I	I	I	I	-	I	I	-	-	I	I	-	Wrath of the Immortals: Book #1: Codex of the Immortals	64	Dark Dungeons Deluxe (Hear Prayers)
Heat Air	-	-	-	1	1	-	-	1	-	-	-	-	-	-	-	-	-	-	-	-	-	Champions of Mystara: Designer's Manual	51	
Heat Metal	-	-	-	2	2	3	2	1	-	-	-	-	-	-	-	3*	-	-	-	-	-	Rules Cyclopedia, *GAZ13 The Shadow Elves - Player's Guide	41, *29	Dark Dungeons Deluxe
Hold Animal	-	-	3	3	3	3	2	1	-	-	2	2*	-	-	-	-	-	-	3	-	-	Rules Cyclopedia, *GAZ11 The Republic of Darokin: Player's Guide	42, *19	Dark Dungeons Deluxe
Hold Monster	-	-	-	-	-	-	5	1	5	5	-	-	-	-	-	-	-	-	-	-	5	Rules Cyclopedia	52	Dark Dungeons Deluxe
Hold Person	2	2	2	-	-	3	3	1	3	3	3	-	-	-	3	-	2	-	-	-	-	Rules Cyclopedia	48	Dark Dungeons Deluxe
Hold Portal	-	-	-	-	-	-	1	1	1	1	-	-	-	-	-	-	-	2	-	-	-	Rules Cyclopedia	45	Dark Dungeons Deluxe
Hold Spirit	-	-	-	-	-	-	-	-	-	-	-	-	-	-	-	-	3	-	-	-	-	GAZ12 The Golden Khan of Ethengar - Players' Guide	17	
Hold Underground Animal	-	-	-	-	-	-	-	-	-	-	-	-	-	-	3	-	-	-	-	-	-	GAZ13 The Shadow Elves - Player's Guide	23	
Holy Word	7	7	7	-	-	-	-	1	-	-	-	-	-	-	-	-	7	-	-	-	-	Rules Cyclopedia	39	Dark Dungeons Deluxe
Horse-rush	-	-	-	-	-	-	2	-	-	-	-	-	-	-	-	-	-	-	-	-	-	PC1 Tall Tales of the Wee Folk - DM's Booklet	44	
Hunting Paint	-	-	-	-	-	-	-	-	-	-	-	-	-	-	-	-	-	-	2	-	-	GAZ14 The Atruaghin Clans - Player's Guide	20	
Hydrax	-	-	-	-	-	-	-	1	6	6	-	-	-	-	-	-	-	-	-	-	-	PC3 The Sea People: The Sea Peoples Book	60	Dark Dungeons Deluxe
Ice Shard	-	-	-	-	-	-	-	1	3	3	-	-	-	-	-	-	-	-	-	-	-	PC3 The Sea People: The Sea Peoples Book	62	Dark Dungeons Deluxe
Ice Storm/Wall of Ice	-	-	-	-	-	-	-	1	4	-	-	-	-	-	-	-	-	-	-	-	4	Rules Cyclopedia	50	Dark Dungeons Deluxe
Ignore Road	-	-	-	-	-	-	-	-	-	-	-	1	-	-	-	-	-	-	-	-	-	GAZ11 The Republic of Darokin - Players' Guide	16	
Immortal Eye	I	I	I	I	I	-	I	I	I	I	I	I	I	-	I	I	-	-	I	I	-	Wrath of the Immortals: Book #1: Codex of the Immortals	64	Dark Dungeons Deluxe
Immunity	-	-	-	-	-	9	-	1	9	9	-	-	-	-	9	-	-	-	-	-	-	Rules Cyclopedia	59	Dark Dungeons Deluxe
Impersonate	-	-	-	-	-	-	-	-	8	-	-	-	-	-	-	-	-	-	-	-	-	GAZ15 Dawn of the Emperors - Thyatis and Alphatia - Book #3 - Player's Guide to Alphatia	24	
Increase Spell Duration	I	I	I	I	I	-	I	I	I	I	I	I	I	-	I	I	-	-	I	I	-	Wrath of the Immortals: Book #1: Codex of the Immortals	65	Dark Dungeons Deluxe
Infravision	-	-	-	-	-	-	2	1	3	3	-	3*	-	-	-	-	-	-	-	-	-	Rules Cyclopedia, *GAZ11 The Republic of Darokin - Players' Guide	48, *19	Dark Dungeons Deluxe
Infusion	-	-	-	-	-	-	-	-	-	-	-	-	-	-	-	-	-	-	6	-	-	GAZ14 The Atruaghin Clans - Player's Guide	24	
Inscribe Rune	3	-	-	-	-	-	-	-	-	-	-	-	-	-	-	-	-	-	-	-	-	GAZ7 The Northern Reaches: Players Book	27	
Insect Plague	5	-	-	-	-	5*	5	1	-	-	6	-	-	-	-	5**	-	5	-	-	-	Rules Cyclopedia, *GAZ5 The Elves of Alfheim, **GAZ13 The Shadow Elves - Player's Guide	61, *67, **31	Dark Dungeons Deluxe
Interpret Runes	2	-	-	-	-	-	-	-	-	-	-	-	-	-	-	-	-	-	-	-	-	GAZ7 The Northern Reaches: Players Book	27	
Inventory	-	-	-	-	-	-	-	-	-	-	-	3	-	-	-	-	-	-	-	-	-	GAZ11 The Republic of Darokin - Players' Guide	19	
Invisibility	-	-	-	-	-	2	-	1	2	2	-	-	-	-	1	-	-	-	-	-	2	Rules Cyclopedia	46	Dark Dungeons Deluxe
Invisibility 10' Radius	-	-	-	-	-	3	-	1	3	3	-	-	-	-	3	-	-	-	-	-	-	Rules Cyclopedia	49	Dark Dungeons Deluxe
Invisibility to Spirits	-	-	-	-	-	-	-	-	-	-	-	-	-	-	-	-	3	-	-	-	-	GAZ12 The Golden Khan of Ethengar - Players' Guide	17	
Invisibility, Mass	-	-	-	-	-	7	5	1	7	7	-	-	-	-	7	-	-	-	-	-	-	Rules Cyclopedia	55	Dark Dungeons Deluxe
Invisible Stalker	-	-	-	-	-	-	-	1	6	-	-	-	-	-	-	-	-	-	-	-	-	Rules Cyclopedia	53	Dark Dungeons Deluxe
Ironform	-	-	-	-	-	-	-	1	7	7	-	-	-	-	-	-	-	-	-	-	-	Rules Cyclopedia	55	Dark Dungeons Deluxe
Ironwall	-	-	-	-	-	-	-	-	7	-	-	-	-	-	-	-	-	-	-	-	-	GAZ15 Dawn of the Emperors - Thyatis and Alphatia - Book #3 - Player's Guide to Alphatia	24	
Ironwood	-	-	-	-	-	-	-	1	-	-	-	-	-	-	-	-	-	-	-	-	-	Dragon #177	48	
Knock	-	-	-	-	-	-	2	1	2	2	-	-	-	-	-	-	-	-	-	-	-	Rules Cyclopedia	46	Dark Dungeons Deluxe
Know Alignment	2	2	-	-	-	2	2	1	-	-	-	-	-	-	-	2*	-	-	2	-	-	Rules Cyclopedia, *GAZ13 The Shadow Elves - Player's Guide	35, *28	Dark Dungeons Deluxe
Know Destiny	-	3	3	-	-	-	-	-	-	-	-	-	-	-	-	-	-	-	-	-	-	Mystara: GAZ2 The Emirates of Ylaruam	18	
Know Intent	-	-	-	-	-	-	-	-	-	-	1	-	-	-	-	-	-	-	-	-	-	GAZ8 The Five Shires - Player's Booklet	21	
Know Rune	3	-	-	-	-	-	-	-	-	-	-	-	-	-	-	-	-	-	-	-	-	GAZ7 The Northern Reaches: Players Book	27	
Lava Breathing	-	-	-	-	-	-	-	-	-	-	-	-	-	-	-	4	-	-	-	-	-	GAZ13 The Shadow Elves - Player's Guide	30	
Levitate	-	-	-	-	-	2	2	1	2	-	-	-	-	-	2	-	-	-	-	-	2	Rules Cyclopedia	46	Dark Dungeons Deluxe
Lie	4	-	-	-	-	-	-	-	-	-	-	-	-	-	-	-	-	-	-	-	-	GAZ12 The Golden Khan of Ethengar - Players' Guide	13	
Light	1	1	-	-	-	1	1	1	1	1	-	-	1	-	-	-	1	1	-	1	1	Rules Cyclopedia	45	Dark Dungeons Deluxe
Lightning Bolt	-	-	-	-	-	-	-	1	3	-	-	-	-	-	-	-	-	-	-	-	3	Rules Cyclopedia	49	Dark Dungeons Deluxe
Lightning Swarm	-	-	-	-	-	-	-	1	9	9	-	-	-	-	-	-	-	-	-	-	-	PC3 The Sea People: The Sea Peoples Book	63	Dark Dungeons Deluxe
Locate	-	-	1	1	1	1	1	1	-	-	1	-	-	-	1*	-	1	-	-	-	-	Rules Cyclopedia, *GAZ13 The Shadow Elves - Player's Guide	41, *22	Dark Dungeons Deluxe
Locate Object	3	3	-	-	-	2	2	1	2	2	3	-	-	-	2	-	3	-	-	4	-	Rules Cyclopedia	47	Dark Dungeons Deluxe
Locate Sea Life	-	-	-	-	-	-	-	-	-	-	1	-	-	-	-	-	-	-	-	-	-	GAZ9 The Minrothad Guilds - Dungeon Master's Booklet	18	
Locate Totem	-	-	-	-	-	-	-	-	-	-	-	-	-	-	-	-	-	-	2	-	-	GAZ14 The Atruaghin Clans - Player's Guide	21	
Longstride	-	-	-	-	-	1	-	-	-	-	-	-	-	-	1*	-	-	-	-	-	-	GAZ5 The Elves of Alfheim, *GAZ13 The Shadow Elves - Player's Guide	65, *22	
Lore	-	-	-	-	-	7	5	1	7	7	-	-	-	-	7	-	-	-	6	-	-	Rules Cyclopedia	55	Dark Dungeons Deluxe
Lower Lava	-	-	-	-	-	-	-	-	-	-	-	-	-	-	7	-	-	-	-	-	-	GAZ13 The Shadow Elves - Player's Guide	25	
Lower Water	-	-	-	-	-	6	6	1	6	-	-	-	-	-	6	-	-	-	-	-	-	Rules Cyclopedia	53	Dark Dungeons Deluxe
Madness	-	-	-	-	-	-	-	-	-	-	-	-	-	-	-	-	6	-	-	-	-	GAZ12 The Golden Khan of Ethengar - Players' Guide	19	
Mage Lock	-	-	-	-	-	-	-	1	3	3	-	-	-	-	-	-	-	-	-	-	-	Imagine #24	32	
Magic Door	-	-	-	-	-	7	-	1	7	7	-	-	-	-	7	-	-	-	-	-	-	Rules Cyclopedia	55	Dark Dungeons Deluxe
Magic Jar	-	-	-	-	-	5	5	1	5	5	-	-	-	-	5	-	-	-	-	5	-	Rules Cyclopedia	52	Dark Dungeons Deluxe
Magic Missile	-	-	-	-	-	1	1	1	1	1	-	-	-	-	1	-	-	-	-	-	-	Rules Cyclopedia	45	Dark Dungeons Deluxe
Massmorph	-	-	-	-	-	4	4	1	4	-	-	-	-	-	4	-	-	-	-	5	4	Rules Cyclopedia	50	Dark Dungeons Deluxe
Mau-mau Bane	-	-	-	-	-	-	-	1	?	?	-	-	-	-	-	-	-	-	-	-	-	GAZ4 The Kingdom of Ierendi	53	
Maze	-	-	-	-	-	9	7	1	9	9	-	-	-	-	9	-	-	-	-	-	-	Rules Cyclopedia	59	Dark Dungeons Deluxe
Metal to Rock	-	-	-	-	-	-	-	-	-	-	-	-	-	-	8	-	-	-	-	-	-	GAZ13 The Shadow Elves - Player's Guide	25	
Metal to Wood	-	-	-	7	7	8	6	1	-	-	7	-	-	-	-	-	7	-	-	-	-	Rules Cyclopedia	43	Dark Dungeons Deluxe
Meteor Swarm	-	-	-	-	-	-	-	1	9	-	-	-	-	-	-	-	-	-	-	-	-	Rules Cyclopedia	59	Dark Dungeons Deluxe
Mind Barrier	-	-	-	-	-	8	7	1	8	8	-	-	-	-	8	-	-	-	-	-	-	Rules Cyclopedia	57	Dark Dungeons Deluxe
Minor Blessing	-	-	-	-	-	-	-	-	-	-	-	-	-	-	-	-	-	-	1	-	-	GAZ14 The Atruaghin Clans - Player's Guide	19	
Mirror Image	-	-	-	-	-	2	2	1	2	2	-	-	-	-	2	-	-	-	-	-	-	Rules Cyclopedia	47	Dark Dungeons Deluxe
Move Earth	-	-	-	-	-	6	6	1	6	6	-	-	-	-	6	-	-	-	-	-	6	Rules Cyclopedia	53	Dark Dungeons Deluxe
Move Rocks	-	-	-	3	3	-	-	-	-	-	-	-	-	-	-	-	-	-	-	-	-	PC3 The Sea People: The Sea Peoples Book	62	Dark Dungeons Deluxe
Necrotic Breath	-	-	-	-	-	-	-	-	1	-	-	-	-	-	-	-	-	-	-	-	-	CAL2a Conversion Guide to Caldwen for Vintage Roleplaying	16	
Neutralize Poison	4	4	4	-	-	5*	5	1	-	-	4	-	-	-	-	5**	4	4	4	-	-	Rules Cyclopedia, *GAZ5 The Elves of Alfheim, **GAZ13 The Shadow Elves - Player's Guide	37, *67, **31	Dark Dungeons Deluxe
Nightwatch	-	-	-	-	-	-	-	-	-	-	2	-	-	-	-	-	-	-	-	-	-	GAZ9 The Minrothad Guilds - Dungeon Master's Booklet	19	
Obscure	-	-	2	2	2	3	2	1	-	-	2	-	2*	-	-	3**	-	-	-	-	-	Rules Cyclopedia, *GAZ9 The Minrothad Guilds: Dungeon Master's Booklet, **GAZ13 The Shadow Elves - Player's Guide	41, *19, **30	Dark Dungeons Deluxe
Oilskin	-	-	-	-	-	-	-	1	1	1	-	-	1*	-	-	-	-	-	-	-	-	Champions of Mystara: Designer's Manual, *GAZ9 The Minrothad Guilds: Dungeon Master's Booklet	51, *18	
Orientation	-	-	-	-	-	-	-	-	-	-	-	1	-	-	-	-	-	-	-	-	-	GAZ11 The Republic of Darokin - Players' Guide	16	
Osseus Swarm	-	-	-	-	-	-	-	-	1	-	-	-	-	-	-	-	-	-	-	-	-	CAL2a Conversion Guide to Caldwen for Vintage Roleplaying	16	
Pass Plant	-	-	-	5	5	6	4	1	-	-	6	-	-	-	-	-	-	-	-	-	-	Rules Cyclopedia	42	Dark Dungeons Deluxe
Pass Rock	-	-	-	-	-	-	-	-	-	-	-	-	-	-	6	-	-	-	-	-	-	GAZ13 The Shadow Elves - Player's Guide	24	
Pass Without Trace	-	-	-	-	-	-	-	-	-	-	-	-	-	-	-	-	1	-	-	-	-	GAZ12 The Golden Khan of Ethengar - Players' Guide	17	
Passwall	-	-	5	-	-	-	-	1	5	5	-	-	-	-	5	-	-	-	-	5	5	Rules Cyclopedia	52	Dark Dungeons Deluxe
Permanence	-	-	-	-	-	8	7	1	8	8	-	-	-	-	8	-	-	-	-	-	-	Rules Cyclopedia	58	Dark Dungeons Deluxe
Phantasmal Force	-	-	-	-	-	2	2	1	2	2	-	-	-	-	2	-	-	-	-	3	-	Rules Cyclopedia	47	Dark Dungeons Deluxe
Plant Door	-	-	-	4	4	5	4	1	-	-	5	-	-	-	-	-	-	-	-	-	-	Rules Cyclopedia	42	Dark Dungeons Deluxe
Plant Fist	-	-	-	-	-	-	-	-	-	-	7	-	-	-	-	-	-	-	-	-	-	GAZ8 The Five Shires - Player's Booklet	24	
Poetic Inspiration		2	-	-	-	-	-	-	-	-	-	-	-	-	-	-	-	-	-	-	-	Mystara: GAZ2 The Emirates of Ylaruam	18	
Polymorph Any Object	-	-	-	-	-	-	7	1	8	8	-	-	-	-	8*	-	-	-	-	-	-	Rules Cyclopedia, *GAZ13 The Shadow Elves - Player's Guide	58, *25	Dark Dungeons Deluxe
Polymorph Natural Object	-	-	-	-	-	8	5*	-	-	-	-	-	-	-	-	-	-	-	-	-	-	GAZ5 The Elves of Alfheim, *PC1 Tall Tales of the Wee Folk - DM's Booklet	68, *45	
Polymorph Other	-	-	-	-	-	4	4 (*Dryad)	1	4	4	-	-	-	-	4	-	-	-	-	5	-	Rules Cyclopedia, PC1 Tall Tales of the Wee Folk: DM's Booklet*	50, 10	Dark Dungeons Deluxe
Polymorph Self	-	-	-	-	-	4	3	1	4	4	-	-	-	-	-	-	-	-	5*	4	-	Rules Cyclopedia, GAZ14 The Atruaghin Clans: Player's Guide*	50, 24	Dark Dungeons Deluxe
Power Attack	I	I	I	I	I	I	I	I	I	I	I	I	I	-	I	I	-	-	I	I	-	Wrath of the Immortals: Book #1: Codex of the Immortals	65	Dark Dungeons Deluxe
Power Word Blind	-	-	-	-	-	-	7	1	8	8	-	-	-	-	-	-	-	-	-	-	-	Rules Cyclopedia	58	Dark Dungeons Deluxe
Power Word Kill	-	-	-	-	-	-	-	1	9	9	-	-	-	-	-	-	-	-	-	-	-	Rules Cyclopedia	60	Dark Dungeons Deluxe
Power Word Stun	-	-	-	-	-	-	-	1	7	7	-	-	-	-	-	-	-	-	-	-	-	Rules Cyclopedia	55	Dark Dungeons Deluxe
Precipitation	-	-	-	-	-	1	1**	-	-	-	-	-	-	-	1*	-	-	-	-	-	-	GAZ5 The Elves of Alfheim, *GAZ13 The Shadow Elves - Player's Guide, **PC1 Tall Tales of the Wee Folk - DM's Booklet	66, *23, **42	
Predict Weather	-	-	1	1	1	2	1	1	-	-	1	1	2*	-	-	2**	-	-	1	-	-	Rules Cyclopedia, *GAZ9 The Minrothad Guilds - Dungeon Master's Booklet, **GAZ13 The Shadow Elves - Player's Guide	41, *20, **28	Dark Dungeons Deluxe
Prepare Enchantment	-	-	-	-	-	-	-	1	5	5	-	-	-	-	-	-	-	-	-	-	-	Champions of Mystara: Designer's Manual	52	
Prismatic Wall	-	-	-	-	-	-	-	1	9	9	-	-	-	-	-	-	-	-	-	-	-	Rules Cyclopedia	60	Dark Dungeons Deluxe
Probe	I	I	I	I	I	-	I	I	I	I	I	I	I	-	I	I	-	-	I	I	-	Wrath of the Immortals: Book #1: Codex of the Immortals	65	Dark Dungeons Deluxe
Probe-Shield	I	I	I	I	I	-	I	I	I	I	I	I	I	-	I	I	-	-	I	I	-	Wrath of the Immortals: Book #1: Codex of the Immortals	65	Dark Dungeons Deluxe
Produce Fire	-	-	-	2	2	2	2	1	-	-	3*	-	2	-	2**	-	2	-	2	-	-	Rules Cyclopedia, *GAZ8 The Five Shires: Player's Booklet, **GAZ13 The Shadow Elves - Player's Guide	41, *22, **23	Dark Dungeons Deluxe
Projected Image	-	-	-	-	-	6	6	1	6	6	-	-	-	-	6	-	-	-	-	-	6	Rules Cyclopedia	53	Dark Dungeons Deluxe
Protection from Evil	1	1	-	-	-	1	1	1	1	1	-	-	-	-	1	-	-	1	1	1	1	Rules Cyclopedia	45	Dark Dungeons Deluxe
Protection from Evil 10' radius	4	4	-	-	-	3	3	1	3	3	-	-	-	-	3	-	-	-	-	-	-	Rules Cyclopedia	49	Dark Dungeons Deluxe
Protection from Lightning	-	-	-	4	4	5	5	1	-	-	-	-	4	-	-	-	4	-	-	-	-	Rules Cyclopedia	42	Dark Dungeons Deluxe
Protection from Normal Missiles	-	-	-	-	-	3	3	1	3	3	-	-	-	-	3	-	-	-	-	-	-	Rules Cyclopedia	49	Dark Dungeons Deluxe
Protection from Poison	-	-	-	3	3	3	3	1	-	-	-	-	-	-	-	3*	3	-	-	-	-	Rules Cyclopedia, *GAZ13 The Shadow Elves - Player's Guide	42, *30	Dark Dungeons Deluxe
Purify Food and Clear Water	1*	1*	-	-	-	-	2	1	-	-	1	-	2*	-	-	1	-	-	1	-	-	PC3 The Sea People: The Sea Peoples Book, GAZ9 The Minrothad Guilds: Dungeon Master's Booklet*	61, 20*	Dark Dungeons Deluxe
Purify Food and Water	1	-	-	-	-	2*	2	1	-	-	1	-	2**	-	-	1***	-	-	1	-	-	Rules Cyclopedia, *GAZ5 The Elves of Alfheim, **GAZ9 The Minrothad Guilds: Dungeon Master's Booklet, ***GAZ13 The Shadow Elves - Player's Guide	35, *66, **20, ***28	Dark Dungeons Deluxe
Quicken Pace	-	-	-	-	-	-	-	-	-	-	-	2	-	-	-	-	-	-	-	-	-	GAZ11 The Republic of Darokin - Players' Guide	19	
Radiance	-	-	-	-	-	-	-	-	-	-	1	-	-	-	-	-	-	-	-	-	-	GAZ8 The Five Shires - Player's Booklet	22	
Raise Dead	5	5	-	-	-	-	-	1	-	-	6	-	-	-	-	6*	-	-	-	-	-	Rules Cyclopedia, *GAZ13 The Shadow Elves - Player's Guide	38, *31	Dark Dungeons Deluxe
Raise Dead Fully	7	7	-	-	-	-	-	1	-	-	7	-	-	-	-	7*	-	-	-	-	-	Rules Cyclopedia, *GAZ13 The Shadow Elves - Player's Guide	39, *32	Dark Dungeons Deluxe
Raise Water	-	-	-	-	-	-	6	1	6	6	-	-	-	-	6	-	-	-	-	-	-	PC3 The Sea People: The Sea Peoples Book	63	Dark Dungeons Deluxe
Rapid Swim	-	-	-	-	-	-	3	1	3	3	5	-	-	-	3	-	-	-	-	3	-	PC3 The Sea People: The Sea Peoples Book	62	Dark Dungeons Deluxe
Read Languages	-	-	-	-	-	1	-	1	1	1	-	-	-	-	1	-	-	-	-	-	1	Rules Cyclopedia	45	Dark Dungeons Deluxe
Read Magic	-	-	-	-	-	1	1	1	1	1	-	-	1	-	1	-	-	-	-	-	1	Rules Cyclopedia	45	Dark Dungeons Deluxe
Reduce Saving Throw	I	I	I	I	I	-	I	I	I	I	I	I	I	-	I	I	-	-	I	I	-	Wrath of the Immortals: Book #1: Codex of the Immortals	65	Dark Dungeons Deluxe
Reincarnation	-	-	-	-	-	6	7	1	6	6	-	-	-	-	-	-	-	-	-	-	6	Rules Cyclopedia	53	Dark Dungeons Deluxe
Remove Curse	3	3	-	-	-	4	3	1	4	4	4*	-	-	-	4	-	3	3	-	2	4	Rules Cyclopedia, *GAZ8 The Five Shires: Player's Booklet	50, *23	Dark Dungeons Deluxe
Remove Fear	1	1	-	-	-	-	-	1	-	-	2	-	-	-	-	-	1	-	-	-	-	Rules Cyclopedia	35	Dark Dungeons Deluxe
Renew	1	-	-	-	-	-	-	-	-	-	-	-	-	-	-	-	-	-	-	-	-	GAZ12 The Golden Khan of Ethengar - Players' Guide	13	
Repel Lightning	-	-	-	-	-	-	-	-	-	-	4	-	-	-	-	-	-	-	-	-	-	GAZ8 The Five Shires - Player's Booklet	23	
Repel Non-Living Material	-	-	-	-	-	-	-	-	-	-	5	-	-	-	-	-	-	-	-	-	-	GAZ8 The Five Shires - Player's Booklet	23	
Resist Climate	-	-	-	-	-	-	-	-	-	-	-	1	-	-	-	-	-	-	-	-	-	GAZ11 The Republic of Darokin - Players' Guide	16	
Resist Cold	1	1	-	-	-	1	-	1	-	-	1	-	1	-	-	1*	1	-	-	-	-	Rules Cyclopedia, *GAZ13 The Shadow Elves - Player's Guide	35, *28	Dark Dungeons Deluxe
Resist Fire	2	2	-	-	-	2	-	1	-	-	2	-	-	-	-	2*	2	-	2	-	-	Rules Cyclopedia, *GAZ13 The Shadow Elves - Player's Guide	35, *28	Dark Dungeons Deluxe
Resist Magic	-	-	-	-	-	-	-	-	-	-	-	4	-	-	-	-	-	-	-	-	-	GAZ11 The Republic of Darokin - Players' Guide	20	
Restore	7	7	-	-	-	-	-	1	-	-	7	-	-	-	-	-	-	-	-	-	-	Rules Cyclopedia	39	Dark Dungeons Deluxe
Retain Power	-	-	-	-	-	-	-	1	-	-	-	-	-	7	-	-	-	-	-	-	-	GAZ3 The Principalities of Glantri	77	
Reverse Gravity	-	-	-	-	-	-	-	1	7	7	-	-	-	-	7	-	-	-	-	-	-	Rules Cyclopedia	55	Dark Dungeons Deluxe
Rock	-	-	-	-	-	7	5**	-	-	-	-	-	-	-	7*	-	-	-	-	-	-	GAZ5 The Elves of Alfheim, *GAZ13 The Shadow Elves - Player's Guide, **PC1 Tall Tales of the Wee Folk - DM's Booklet	68, *25, **45	
Rock Door	-	-	-	-	-	-	-	-	-	-	-	-	-	-	5	-	-	-	-	-	-	GAZ13 The Shadow Elves - Player's Guide	24	
Rot	-	-	-	-	-	-	-	-	-	-	2	-	-	-	-	-	-	-	-	-	-	GAZ9 The Minrothad Guilds - Dungeon Master's Booklet	20	
Sanctify	-	-	-	-	-	-	-	-	-	-	-	-	-	-	-	-	-	-	4	-	-	GAZ14 The Atruaghin Clans - Player's Guide	23	
Savior Faire	-	-	-	-	-	-	-	-	-	-	-	2	-	-	-	-	-	-	-	-	-	GAZ11 The Republic of Darokin - Players' Guide	19	
Sea Fury	7	7	7	-	-	-	-	1	-	-	7	-	-	-	-	7	-	-	-	-	-	PC3 The Sea People: The Sea Peoples Book	61	Dark Dungeons Deluxe
Sea Legs	-	-	-	-	-	-	-	-	-	-	1	-	-	-	-	-	-	-	-	-	-	GAZ9 The Minrothad Guilds - Dungeon Master's Booklet	18	
Seasons	-	-	-	-	-	-	-	1	-	-	-	-	-	-	-	-	-	-	-	-	-	Dragon #177	48	
Shape Reality	I	I	I	I	I	-	I	I	I	I	I	I	I	-	I	I	-	-	I	I	-	Wrath of the Immortals: Book #1: Codex of the Immortals	65	Dark Dungeons Deluxe
Shapechange	-	-	-	-	-	9	6	1	9	9	-	-	-	-	9	-	-	-	-	-	-	Rules Cyclopedia	60	Dark Dungeons Deluxe
Shield	-	-	-	-	-	-	1	1	1	1	-	-	-	-	-	-	-	-	-	-	-	Rules Cyclopedia	45	Dark Dungeons Deluxe
Shift Sand	-	-	3	-	-	-	-	-	-	-	-	-	-	-	-	-	-	-	-	-	-	GAZ2 The Emirates of Ylaruam	34	
Shimmer	-	-	-	-	-	-	-	-	-	-	-	-	-	-	-	-	2	-	-	-	-	GAZ12 The Golden Khan of Ethengar - Players' Guide	17	
Ship Flight	-	-	-	-	-	-	-	1	-	-	-	-	-	-	-	-	-	-	-	-	-	Dragon #159	93	
Shout	-	-	-	-	-	-	-	-	-	-	6	-	-	-	-	-	-	-	-	-	-	GAZ8 The Five Shires - Player's Booklet	23	
Shrimp Plague	5	5	-	-	-	-	5	1	-	-	6	-	-	-	-	5	-	-	-	-	-	PC3 The Sea People: The Sea Peoples Book	61	Dark Dungeons Deluxe
Silence	-	-	-	-	-	-	-	-	-	-	3	-	-	-	-	-	-	-	-	-	-	GAZ8 The Five Shires - Player's Booklet	22	
Silence 15' Radius	2	2	-	-	-	2*	3	1	-	-	-	-	-	-	-	2**	2	-	-	-	-	Rules Cyclopedia, *GAZ5 The Elves of Alfheim, **GAZ13 The Shadow Elves - Player's Guide	35, *66, **29	Dark Dungeons Deluxe
Silence Individual	-	-	-	-	-	-	2	-	-	-	-	-	-	-	-	-	-	-	-	-	-	PC1 Tall Tales of the Wee Folk - DM's Booklet	44	
Silent Move	-	-	-	-	-	-	-	-	-	-	-	-	-	-	-	-	4	-	-	-	-	GAZ12 The Golden Khan of Ethengar - Players' Guide	18	
Silver Tongue	-	-	-	-	-	-	-	-	-	-	-	2	-	-	-	-	-	-	-	-	-	GAZ11 The Republic of Darokin - Players' Guide	19	
Sleep	-	-	-	-	-	-	1	1	1	1	2	-	-	-	-	-	-	-	-	3	1	Rules Cyclopedia	46	Dark Dungeons Deluxe
Sleep-Curse	-	-	-	-	-	-	-	-	9	-	-	-	-	-	-	-	-	-	-	-	-	GAZ15 Dawn of the Emperors - Thyatis and Alphatia - Book #3 - Player's Guide to Alphatia	25	
Smuggling	-	-	-	-	-	-	-	-	-	-	-	3	-	-	-	-	-	-	-	-	-	GAZ11 The Republic of Darokin - Players' Guide	19	
Snake Charm	2	2	2	-	-	-	-	1	-	-	2	-	-	-	-	-	2	2	-	-	-	Rules Cyclopedia	35	Dark Dungeons Deluxe
Speak with Animals	2	2	2	-	-	3	-	1	-	-	2	-	-	-	-	-	-	2	2	-	-	Rules Cyclopedia	35	Dark Dungeons Deluxe
Speak with Monsters	6	6	6	-	-	-	6	1	-	-	3	-	-	-	-	-	6	6	-	-	-	Rules Cyclopedia	39	Dark Dungeons Deluxe
Speak with Plants	4	4	4	-	-	-	-	1	-	-	4	-	-	-	-	-	-	4	4	-	-	Rules Cyclopedia	37	Dark Dungeons Deluxe
Speak with Underground Animals	-	-	-	-	-	-	-	-	-	-	-	-	-	-	3	-	-	-	-	-	-	GAZ13 The Shadow Elves - Player's Guide	23	
Speak with the Dead	3	3	-	-	-	-	6	1	-	-	-	-	-	-	-	-	-	-	-	-	-	Rules Cyclopedia	36	Dark Dungeons Deluxe
Spell Turning	-	-	-	-	-	-	-	1	5	5	-	-	-	-	-	-	7*	-	-	-	-	Champions of Mystara: Designer's Manual, *GAZ12 The Golden Khan of Ethengar - Players' Guide	53, *19	
Spirit Sending	-	-	-	-	-	-	-	-	-	-	-	-	-	-	-	-	2	-	-	-	-	GAZ12 The Golden Khan of Ethengar - Players' Guide	17	
Spirit Storm	-	-	-	-	-	-	-	-	-	-	-	-	-	-	-	-	6	-	-	-	-	GAZ12 The Golden Khan of Ethengar - Players' Guide	19	
Spirit Walk	-	-	-	-	-	-	-	-	-	-	-	-	-	-	-	-	5	-	-	-	-	GAZ12 The Golden Khan of Ethengar - Players' Guide	18	
Statue	-	-	-	-	-	-	-	1	7	7	-	-	-	-	-	-	-	-	-	-	-	Rules Cyclopedia	55	Dark Dungeons Deluxe
Steal Breath	-	-	-	-	-	-	-	1	3	3	-	-	-	-	-	-	-	-	-	-	-	HWR3 The Milenian Empire: Campaign Book	31	
Steelform	-	-	-	-	-	-	-	1	8	8	-	-	-	-	-	-	-	-	-	-	-	Rules Cyclopedia	58	Dark Dungeons Deluxe
Steelwall	-	-	-	-	-	-	-	-	8	-	-	-	-	-	-	-	-	-	-	-	-	GAZ15 Dawn of the Emperors - Thyatis and Alphatia - Book #3 - Player's Guide to Alphatia	25	
Sticks to Flying Vipers	5	5	-	-	-	-	-	1	-	-	-	-	-	-	-	-	-	-	-	-	-	HWR1 Sons of Azca: Guide to the Azcan Empire	35	
Sticks to Snakes	4	4	-	-	-	-	-	1	-	-	-	-	-	-	-	-	4	-	-	-	-	Rules Cyclopedia	37	Dark Dungeons Deluxe
Stone Bolt	-	-	-	-	-	-	-	1	3	3	-	-	-	-	-	-	-	-	-	-	-	CM8 The Endless Stair	26	
Stone to Flesh	-	-	-	-	-	6*	6	1	6	6	-	-	-	-	6	6**	-	-	-	-	6	Rules Cyclopedia, *GAZ5 The Elves of Alfheim, **GAZ13 The Shadow Elves - Player's Guide	54, *68, **31	Dark Dungeons Deluxe
Stoneform	-	-	-	-	-	-	-	1	6	6	-	-	-	-	-	-	-	-	-	-	-	Rules Cyclopedia	54	Dark Dungeons Deluxe
Stonewall	-	-	-	-	-	-	-	-	6	-	-	-	-	-	-	-	-	-	-	-	-	GAZ15 Dawn of the Emperors - Thyatis and Alphatia - Book #3 - Player's Guide to Alphatia	23	
Strength of Mind	-	-	-	-	-	-	-	-	-	-	-	-	-	-	-	-	5	-	-	-	-	GAZ12 The Golden Khan of Ethengar - Players' Guide	19	
Striking	3	3	-	-	-	-	-	1	-	-	-	-	-	-	-	-	-	-	-	-	-	Rules Cyclopedia	36	Dark Dungeons Deluxe
Summon Air Elemental	-	-	-	-	-	-	-	-	-	-	7	-	-	-	-	-	-	-	-	-	-	GAZ9 The Minrothad Guilds - Dungeon Master's Booklet	23	
Summon Animals	-	-	4	4	4	4*	3	1	-	-	4	-	-	-	-	-	-	-	4	-	-	Rules Cyclopedia, *GAZ5 The Elves of Alfheim	42, *67	Dark Dungeons Deluxe
Summon Elemental	-	-	-	7	-	-	-	1	-	-	-	-	-	-	-	-	-	-	-	-	-	Rules Cyclopedia	43	Dark Dungeons Deluxe
Summon Greater Animal Spirit	-	-	-	-	-	-	-	-	-	-	-	-	-	-	-	-	7	-	-	-	-	GAZ12 The Golden Khan of Ethengar - Players' Guide	19	
Summon Herd	-	-	-	-	-	-	-	-	-	-	-	-	-	-	-	-	4	-	-	-	-	GAZ12 The Golden Khan of Ethengar - Players' Guide	18	
Summon Lesser Animal Spirits	-	-	-	-	-	-	-	-	-	-	-	-	-	-	-	-	4	-	-	-	-	GAZ12 The Golden Khan of Ethengar - Players' Guide	18	
Summon Object	-	-	-	-	-	9	7	1	7	7	-	-	-	-	-	-	-	-	-	-	-	Rules Cyclopedia	56	Dark Dungeons Deluxe
Summon Radiance	-	-	-	-	-	-	-	1	-	-	-	-	-	6	-	-	-	-	-	-	-	GAZ3 The Principalities of Glantri	77	
Summon Sea Creatures	-	-	-	-	-	-	-	-	-	-	4	-	-	-	-	-	-	-	-	-	-	GAZ9 The Minrothad Guilds - Dungeon Master's Booklet	21	
Summon Underground Animals	-	-	-	-	-	-	-	-	-	-	-	-	-	-	4	-	-	-	-	-	-	GAZ13 The Shadow Elves - Player's Guide	24	
Summon Undine	6	6	-	-	-	-	-	1	-	-	-	-	-	-	-	-	-	-	-	-	-	PC3 The Sea People: The Sea Peoples Book	61	Dark Dungeons Deluxe (Undine)
Summon Water Elemental	-	-	-	-	-	-	-	-	-	-	7	-	-	-	-	-	-	-	-	-	-	GAZ9 The Minrothad Guilds - Dungeon Master's Booklet	23	
Summon Weather	-	-	6	6	6	-	4	1	-	-	5	-	5*	-	-	-	6	-	-	-	-	Rules Cyclopedia, *GAZ9 The Minrothad Guilds: Dungeon Master's Booklet	43, *21	Dark Dungeons Deluxe
Sunstrike	-	-	-	-	-	-	-	1	3	3	-	-	-	-	-	-	-	-	-	-	-	HWR3 The Milenian Empire: Campaign Book	31	
Sure Strike	-	-	-	-	-	-	-	1	1	1	-	-	-	-	-	-	-	-	-	-	-	HWR3 The Milenian Empire: Campaign Book	31	
Survival	7	7	7	-	-	-	6	1	9	9	7	-	-	-	-	-	7	-	-	-	-	Rules Cyclopedia	60	Dark Dungeons Deluxe
Swimming Doom	-	-	-	7	7	-	-	-	-	-	-	-	-	-	-	-	-	-	-	-	-	PC3 The Sea People: The Sea Peoples Book	62	Dark Dungeons Deluxe
Sword	-	-	-	-	-	9*	6	1	7	7	-	-	-	-	9**	-	-	-	-	-	-	Rules Cyclopedia, *GAZ5 The Elves of Alfheim, **GAZ13 The Shadow Elves - Player's Guide	56, *68, **26	Dark Dungeons Deluxe
Sword of Fire	-	-	-	-	-	-	-	-	-	-	-	-	-	-	-	-	5	-	-	-	-	GAZ12 The Golden Khan of Ethengar - Players' Guide	19	
Symbol*	-	-	-	-	-	8	-	1	8	8	-	-	-	-	8	-	-	-	6	-	-	Rules Cyclopedia, CM8 The Endless Stair*	58	Dark Dungeons Deluxe
Talk to Sea Creatures	-	-	-	-	-	-	-	-	-	-	4	-	-	-	-	-	-	-	-	-	-	GAZ9 The Minrothad Guilds - Dungeon Master's Booklet	21	
Tar	-	-	-	-	-	-	-	-	-	-	1	-	-	-	-	-	-	-	-	-	-	GAZ9 The Minrothad Guilds - Dungeon Master's Booklet	19	
Telekinesis	-	-	-	-	-	5	4	1	5	5	-	-	-	-	5	-	-	-	-	-	-	Rules Cyclopedia	52	Dark Dungeons Deluxe
Teleport	-	-	-	-	-	5	-	1	5	5	-	-	-	-	5	-	-	-	-	-	-	Rules Cyclopedia	52	Dark Dungeons Deluxe
Teleport any Object	-	-	-	-	-	7	7	1	7	7	-	-	-	-	7	-	-	-	-	-	-	Rules Cyclopedia	56	Dark Dungeons Deluxe
The Grasping Dark	-	-	-	-	-	-	-	1	6	6	-	-	-	-	-	-	-	-	-	-	-	HWA2 Nightrage	64	
The Thothian Enchantment	7	7	-	-	-	-	-	1	9	9	-	-	-	-	-	-	-	-	-	-	-	Champions of Mystara: Heroes of the Princess Ark	95	
Thornspear	-	-	-	-	-	-	-	-	-	-	1	-	-	-	-	-	-	-	-	-	-	GAZ8 The Five Shires - Player's Booklet	22	
Thunder Drum	-	-	-	-	-	-	-	-	-	-	-	-	-	-	-	-	-	-	3	-	-	GAZ14 The Atruaghin Clans - Player's Guide	22	
Timestop	-	-	-	-	-	9	7	1	9	9	-	-	-	-	9	-	-	-	-	-	-	Rules Cyclopedia	61	Dark Dungeons Deluxe
Totem Mastery	-	-	-	-	-	-	-	-	-	-	-	-	-	-	-	-	-	-	5	-	-	GAZ14 The Atruaghin Clans - Player's Guide	24	
Trance	-	-	-	-	-	-	-	-	-	-	-	-	-	-	-	-	1	-	-	-	-	GAZ12 The Golden Khan of Ethengar - Players' Guide	17	
Transcend Life Force	-	-	-	-	-	-	-	1	-	-	-	-	-	9	-	-	-	-	-	-	-	GAZ3 The Principalities of Glantri	78	
Transform	I	I	I	I	I	-	I	I	I	I	I	I	I	-	I	I	-	-	I	I	-	Wrath of the Immortals: Book #1: Codex of the Immortals	66	Dark Dungeons Deluxe
Transmute Rock to Lava	-	-	-	-	-	-	-	-	-	-	-	-	-	-	6	-	-	-	-	-	-	GAZ13 The Shadow Elves - Player's Guide	24	
Transmute Rock to Mud	-	-	-	-	-	5	-	-	-	-	-	-	-	-	5*	-	-	-	-	-	-	GAZ5 The Elves of Alfheim, *GAZ13 The Shadow Elves - Player's Guide	68, *24	
Transmute Water to Ice	-	-	-	-	-	-	-	-	-	-	4	-	-	-	-	-	-	-	-	-	-	GAZ9 The Minrothad Guilds - Dungeon Master's Booklet	21	
Transport Through Plants	-	-	-	6	6	7	5	1	-	-	-	-	-	-	-	-	-	-	-	-	-	Rules Cyclopedia	43	Dark Dungeons Deluxe
Transport Through Rock	-	-	-	-	-	-	-	-	-	-	-	-	-	-	7	-	-	-	-	-	-	GAZ13 The Shadow Elves - Player's Guide	25	
Travel	7	7	-	-	-	8	-	1	8	8	-	-	-	-	8	-	7	-	-	-	-	Rules Cyclopedia	58	Dark Dungeons Deluxe
Truesight	5	5	-	-	-	7	6	1	-	-	-	-	-	-	-	6*	5	-	5	-	-	Rules Cyclopedia, *GAZ13 The Shadow Elves - Player's Guide	38	Dark Dungeons Deluxe
Trust	-	-	-	-	-	-	-	-	-	-	-	1	-	-	-	-	-	-	-	-	-	GAZ11 The Republic of Darokin - Players' Guide	16	
Truthtelling	-	3	3	-	-	-	-	-	-	-	-	-	-	-	-	-	-	-	-	-	-	Mystara: GAZ2 The Emirates of Ylaruam	18	
Turn Rock	-	-	-	-	-	-	-	-	-	-	-	-	-	-	7	-	-	-	-	-	-	GAZ13 The Shadow Elves - Player's Guide	25	
Turn Wood	-	-	-	6	6	7	-	1	-	-	6	-	-	-	-	-	6	-	-	-	-	Rules Cyclopedia	43	Dark Dungeons Deluxe
Undead Slumber	-	-	-	-	-	-	-	-	1	-	-	-	-	-	-	-	-	-	-	-	-	CAL2a Conversion Guide to Caldwen for Vintage Roleplaying	16	
Vampire Kiss	-	-	-	-	-	-	-	-	1	-	-	-	-	-	-	-	-	-	-	-	-	CAL2a Conversion Guide to Caldwen for Vintage Roleplaying	16	
Ventriloquism	-	-	-	-	-	1	1	1	1	1	-	-	-	-	1	-	-	-	-	2	-	Rules Cyclopedia	46	Dark Dungeons Deluxe
Vigor	-	-	-	-	-	-	-	-	-	-	-	-	-	-	-	-	4	-	-	-	-	GAZ12 The Golden Khan of Ethengar - Players' Guide	18	
Wall of Fire	-	-	-	-	-	4	-	1	4	-	-	-	-	-	-	4*	-	-	-	-	4	Rules Cyclopedia, *GAZ13 The Shadow Elves - Player's Guide	51, *30	Dark Dungeons Deluxe
Wall of Iron	-	-	-	-	-	-	-	1	6	-	-	-	-	-	-	-	-	-	-	-	6	Rules Cyclopedia	54	Dark Dungeons Deluxe
Wall of Stone	-	-	-	-	-	5	-	1	5	-	-	-	-	-	5	-	-	-	-	-	5	Rules Cyclopedia	52	Dark Dungeons Deluxe
War Paint	-	-	-	-	-	-	-	-	-	-	-	-	-	-	-	-	-	-	3	-	-	GAZ14 The Atruaghin Clans - Player's Guide	22	
Warning Trumpet	-	-	-	-	-	-	-	1	4	4	-	-	-	-	-	-	-	-	-	-	-	CM8 The Endless Stair	26	
Warp Wood	-	-	-	2	2	2	2	1	-	-	-	-	1*	-	-	-	-	-	-	-	-	Rules Cyclopedia, *GAZ9 The Minrothad Guilds: Dungeon Master's Booklet	41, *19	Dark Dungeons Deluxe
Watcher	-	-	-	-	-	1	1**	-	-	-	-	-	-	-	1*	-	-	-	-	-	-	GAZ5 The Elves of Alfheim, *GAZ13 The Shadow Elves - Player's Guide, **PC1 Tall Tales of the Wee Folk - DM's Booklet	66, *23, **42	
Water Barrier	-	-	-	-	-	-	-	1	4	4	-	-	-	-	-	4	-	-	-	-	-	PC3 The Sea People: The Sea Peoples Book	60	Dark Dungeons Deluxe
Water Breathing	4	-	-	3	-	3	3	1	3	2	4	-	3*	-	3	-	-	-	-	-	3	Rules Cyclopedia, *GAZ9 The Minrothad Guilds: Dungeon Master's Booklet	49, *20	Dark Dungeons Deluxe
Water Walking	-	-	-	-	-	-	-	-	-	-	2	-	-	-	-	-	-	-	-	-	-	GAZ8 The Five Shires - Player's Booklet	22	
Watery Form	-	-	-	-	-	-	-	-	-	-	3	-	-	-	-	-	-	-	-	-	-	GAZ9 The Minrothad Guilds - Dungeon Master's Booklet	20	
Weather Control	-	-	7	7	7	6	5	1	6	6	7	-	6	-	6	-	7	-	6	-	-	Rules Cyclopedia	54	Dark Dungeons Deluxe
Web	-	-	-	-	-	2	2	1	2	2	5	-	2*	-	2	-	-	-	-	-	2	Rules Cyclopedia, *GAZ9 The Minrothad Guilds: Dungeon Master's Booklet	47, 20	Dark Dungeons Deluxe
Wind Blast	3	-	-	-	-	-	-	-	-	-	-	-	-	-	-	-	-	-	-	-	-	GAZ12 The Golden Khan of Ethengar - Players' Guide	13	
Wish	7	7	-	-	-	9	-	1	9	9	-	-	-	-	9	-	7	-	-	-	-	Rules Cyclopedia	61	Dark Dungeons Deluxe
Wizard Eye	-	-	-	-	-	4	4	1	4	4	-	-	-	-	4	-	-	-	-	-	-	Rules Cyclopedia	51	Dark Dungeons Deluxe
Wizard Lock	-	-	-	-	-	-	2	1	2	2	-	-	-	-	-	-	-	-	-	-	-	Rules Cyclopedia	48	Dark Dungeons Deluxe
Wizardry	7	7	-	-	-	-	-	1	-	-	-	-	-	-	-	-	-	-	-	-	-	Rules Cyclopedia	40	Dark Dungeons Deluxe
Woodform	-	-	-	-	-	-	-	1	5	5	-	-	-	-	-	-	-	-	-	-	-	Rules Cyclopedia	52	Dark Dungeons Deluxe
Woodwall	-	-	-	-	-	-	-	-	5	-	-	-	-	-	-	-	-	-	-	-	-	GAZ15 Dawn of the Emperors - Thyatis and Alphatia - Book #3 - Player's Guide to Alphatia	23	
Word of Recall	6	6	6	-	-	-	-	1	-	-	-	-	-	-	-	-	6	6	-	6	-	Rules Cyclopedia	39	Dark Dungeons Deluxe
Wrath of Atruaghin	-	-	-	-	-	-	-	-	-	-	-	-	-	-	-	-	-	-	6	-	-	GAZ14 The Atruaghin Clans - Player's Guide	25	
Zombie Plague	-	-	-	-	-	-	-	-	1	-	-	-	-	-	-	-	-	-	-	-	-	CAL2a Conversion Guide to Caldwen for Vintage Roleplaying	16	
